Name	Chr	Start	End	Sequence	Motif_Score	JasparID	Specie	Class
ATHB23	Chr1	6886288	6886310	CATAAAGTTCTTAATCAATTTT	0.652157793244	MA1327.1	Arabidopsis thaliana	Homeo domain factors
ATHB34	Chr1	6886290	6886305	TAAAGTTCTTAATCA	0.778860311853	MA1328.1	Arabidopsis thaliana	Homeo domain factors
ATHB24	Chr1	6886295	6886310	TTCTTAATCAATTTT	0.753139369698	MA1330.1	Arabidopsis thaliana	Homeo domain factors
AT1G47655	Chr1	6886356	6886367	TGAAAAAGTAG	0.904577864809	MA1275.1	Arabidopsis thaliana	C2H2 zinc finger factors
MNB1A	Chr1	6886409	6886414	GCTTT	1.00056833119	MA0053.1	Zea mays	C2H2 zinc finger factors
bZIP53	Chr1	6886479	6886494	AGAGATTACGTGTGC	0.322508121591	MA1341.1	Arabidopsis thaliana	Basic leucine zipper factors (bZIP)
NAC083	Chr1	6886482	6886492	GATTACGTGT	0.7699899106029999	MA1043.1	Arabidopsis thaliana	NAC/NAM
bZIP911	Chr1	6886482	6886494	GATTACGTGTGC	0.276344749861	MA0097.1	Antirrhinum majus	Basic leucine zipper factors (bZIP)
NAC025	Chr1	6886483	6886491	ATTACGTG	0.864420265342	MA0935.1	Arabidopsis thaliana	NAC/NAM
NAC055	Chr1	6886484	6886492	TTACGTGT	1.00048193144	MA0937.1	Arabidopsis thaliana	NAC/NAM
NAC080	Chr1	6886484	6886492	TTACGTGT	0.7695325569570001	MA0939.1	Arabidopsis thaliana	NAC/NAM
TGA6	Chr1	6886514	6886524	TTTGACGTAA	0.7164235690590001	MA1069.1	Arabidopsis thaliana	Basic leucine zipper factors (bZIP)
TGA1A	Chr1	6886516	6886523	TGACGTA	0.998669343375	MA0129.1	Nicotiana sp.	Basic leucine zipper factors (bZIP)
ANL2	Chr1	6886535	6886546	ACATTAAATAA	0.65317882397	MA1375.1	Arabidopsis thaliana	Homeo domain factors
HDG1	Chr1	6886586	6886597	ATAATTAATGG	0.6806282432240001	MA1369.1	Arabidopsis thaliana	Homeo domain factors
MYB81	Chr1	6886641	6886652	GCAACGGCATC	0.7866409035619999	MA1175.1	Arabidopsis thaliana	Helix-Turn-Helix
AGL3	Chr1	6886649	6886667	ATCGCCATATACAGAAAG	0.600263329698	MA0001.2	Arabidopsis thaliana	MADS box factors
FUS3	Chr1	6886684	6886693	GAGCATGCA	0.6901964329870001	MA0565.1	Arabidopsis thaliana	B3 domain
LEC2	Chr1	6886685	6886696	AGCATGCACAC	0.8826220799169999	MA0581.1	Arabidopsis thaliana	B3 domain
MNB1A	Chr1	6886838	6886843	GCTTT	1.00056833119	MA0053.1	Zea mays	C2H2 zinc finger factors
SGR5	Chr1	6886839	6886854	CTTTTGTCTCTCTCT	0.688939616423	MA1159.1	Arabidopsis thaliana	C2H2
TCP1	Chr1	6886980	6887010	GAGAGAAAGAGAAGAGGCAAGAGCCCCACA	0.242286059851	MA1284.1	Arabidopsis thaliana	Basic helix-loop-helix factors (bHLH)
STZ	Chr1	6887058	6887069	CTCTCCCACTC	0.8933669151379999	MA1372.1	Arabidopsis thaliana	C2H2 zinc finger factors
REF6	Chr1	6887064	6887075	CACTCTGTTTT	0.855851425911	MA1415.1	Arabidopsis thaliana	C2H2 zinc finger factors
AT3G24120	Chr1	6887132	6887140	CAGATTCC	0.999748447657	MA1388.1	Arabidopsis thaliana	Other
MNB1A	Chr1	6887148	6887153	GCTTT	1.00056833119	MA0053.1	Zea mays	C2H2 zinc finger factors
