Term	Gene	Log2(FoldChange)	PValue	Compare_Sample_ID	Compare_Sample_Info	Factor	Condition	Tissue	Category,,,,,,,
GSE5700_1	AT1G19850	6.116508572811449	0.00264966115341157	GSM133308,GSM133309 / GSM133303,GSM133304	24_h_imbibed_seed_in_30_uM_ABA / dry_seed_no_treatment	ABA treatment	30uM_ABA_for_24h / no_treatment	seeds	Treatment,,,,,
GSE57145_1	AT1G19850	5.907715223814	4.67935940173873e-09	GSM1375954,GSM1375955,GSM1375956 / GSM1375951,GSM1375952,GSM1375953	8-DAC_Col-0 / Time-0_Col-0	Callus formation	leaf_explants_cultured_in_CIM_for_8_days / leaf_explants_cultured_in_CIM_for_0_day	Leaf explants	Treatment,,,
GSE5700_2	AT1G19850	5.74909910501522	0.00343531403289553	GSM133305,GSM133306 / GSM133303,GSM133304	24_h_imbibed_seed_in_water / dry_seed_no_treatment	Water treatment	water_for_24h / no_treatment	seeds	Treatment,,,,,
GSE5700_0	AT1G19850	5.70376182321525	0.00943929735163053	GSM133307,GSM133310 / GSM133303,GSM133304	24_h_imbibed_seed_in_3_uM_ABA / dry_seed_no_treatment	ABA treatment	3uM_ABA_for_24h / no_treatment	seeds	Treatment,,,,,
GSE17464_35	AT1G19850	4.70226398616801	0.00048772170992525995	GSM435763,GSM435764,GSM435765 / GSM435676,GSM435677,GSM435678	Laer_pretreat_with_GA+JA_Flg22_1h / Laer_Flg22_1h	Flg22+GA+JA treatment	GA_+_100nM_Flg22_+_JA_1h_ / 100nM_Flg22_1h	5 weeks old leaf discs on short day	Treatment,,,
GSE61408_4	AT1G19850	4.42831379146368	0.0008986202265204301	GSM1504056,GSM1504057 / GSM1504047,GSM1504048,GSM1504049	pSCR::GFP_sorted_cells_96hr_auxin_treatment / pSCR::GFP_sorted_cells_no_auxin_treatment	Auxin treatment	96h_auxin / no_treatment	2 days post germination; endodermis	Treatment,,,,
GSE61408_3	AT1G19850	4.382439927840751	0.00097740103005525	GSM1504054,GSM1504055 / GSM1504047,GSM1504048,GSM1504049	pSCR::GFP_sorted_cells_72hr_auxin_treatment / pSCR::GFP_sorted_cells_no_auxin_treatment	Auxin treatment	72h_auxin / no_treatment	2 days post germination; endodermis	Treatment,,,,
GSE61408_2	AT1G19850	4.32827977323762	0.0010322749301867802	GSM1504052,GSM1504053 / GSM1504047,GSM1504048,GSM1504049	pSCR::GFP_sorted_cells_48hr_auxin_treatment / pSCR::GFP_sorted_cells_no_auxin_treatment	Auxin treatment	48h_auxin / no_treatment	2 days post germination; endodermis	Treatment,,,,
GSE29543_9	AT1G19850	3.86097229733352	1.1619794226468e-05	GSM731298,GSM731301,GSM731302 / GSM731295,GSM731296,GSM731297	root_explants_incubated_on_callus_inducing_medium_12_h / root_explants_incubated_on_callus_inducing_medium_0_h	Callus induction	incubated_on_callus_inducing_medium,_12_h / incubated_on_callus_inducing_medium,_0_h	Root segments seperated from 10-day-old seedlings	Treatment,
GSE61408_1	AT1G19850	3.73233652289347	0.0017336637363442198	GSM1504050,GSM1504051 / GSM1504047,GSM1504048,GSM1504049	pSCR::GFP_sorted_cells_24hr_auxin_treatment / pSCR::GFP_sorted_cells_no_auxin_treatment	Auxin treatment	24h_auxin / no_treatment	2 days post germination; endodermis	Treatment,,,,
GSE29543_12	AT1G19850	3.7008957532999105	5.23920391093484e-05	GSM731309,GSM731310,GSM731451 / GSM731295,GSM731296,GSM731297	root_explants_incubated_on_callus_inducing_medium_96_h / root_explants_incubated_on_callus_inducing_medium_0_h	Callus induction	incubated_on_callus_inducing_medium,_96_h / incubated_on_callus_inducing_medium,_0_h	Root segments seperated from 10-day-old seedlings	Treatment,
GSE72461_3	AT1G19850	3.6649618227863803	0.0147478040127513	GSM1862908 / GSM1862904	Col-0_16h / Col-0_non_induced	Pst DC3000 infection	Pst_DC3000_infection_for_16h / non_induced	4.5 weeks old leaves	Treatment,,,,,,,
GSE72461_2	AT1G19850	3.6514294094795297	0.00469982859010066	GSM1862907 / GSM1862904	Col-0_12h / Col-0_non_induced	Pst DC3000 infection	Pst_DC3000_infection_for_12h / non_induced	4.5 weeks old leaves	Treatment,,,,,,,
GSE5725_0	AT1G19850	3.62843465256642	0.00290107577571288	GSM133719,GSM133721 / GSM133720,GSM133722	Tumour / Inflorescence_stalk	Tumour development	no_treatment / agrobacterium_tumefaciens-induced	Inflorescence stalk or tumour	Treatment,,,,,
GSE72461_6	AT1G19850	3.5307128754850097	0.019066986396871998	GSM1862912 / GSM1862909	jaz5/10_12h / jaz5/10_non_induced	Pst DC3000 infection	Pst_DC3000_infection_for_12h / non_induced	4.5 weeks old leaves	Treatment,,,,,,,
GSE17464_41	AT1G19850	3.51115437761821	0.00285457800441528	GSM435766,GSM435767,GSM435768 / GSM435679,GSM435680,GSM435681	Laer_pretreat_with_GA+JA_Flg22_2h / Laer_Flg22_2h	GA+JA treatment	GA_+100nM_Flg22_+_JA_2h / 100nM_Flg22_2h	5 weeks old leaf discs on short day	Treatment,,,
GSE17464_34	AT1G19850	3.41545832108823	0.0009474517886981689	GSM435754,GSM435755,GSM435756 / GSM435676,GSM435677,GSM435678	Laer_pretreat_with_GA_Flg22_1h / Laer_Flg22_1h	Flg22+GA treatment	GA_+_100nM_Flg22_1h / 100nM_Flg22_1h	5 weeks old leaf discs on short day	Treatment,,,
GSE10502_5	AT1G19850	3.2828475652348197	0.00259779749157182	GSM265473,GSM265474 / GSM265461,GSM265462	whole_roots_-Fe_72_hour / whole_roots_standard_conditions	Fe deficiency 	Fe_deficiency / standard_media	Seedling roots, 5 days after germination	Treatment,,,,
GSE10502_3	AT1G19850	3.2604217842856	0.00025556856607156003	GSM265471,GSM265472 / GSM265461,GSM265462	whole_roots_-Fe_48_hour / whole_roots_standard_conditions	Fe deficiency 	Fe_deficiency / standard_media	Seedling roots, 5 days after germination	Treatment,,,,
GSE46205_3	AT1G19850	3.08431633413888	0.000673070706383152	GSM1126299,GSM1126300,GSM1126301 / GSM1126281,GSM1126282,GSM1126283	root_cells_endodermis_140mM_NaCl_for_48_hours / root_cells_endodermis_standard_conditions_for_48_hours	Salt stress	140mM_NaCl_for_20h / standard_conditions_for_48h	Protoplasted root cells, endodermis, 5-7 days after germination	Treatment,
GSE29543_10	AT1G19850	3.04873846039048	0.000106568530646196	GSM731303,GSM731304,GSM731305 / GSM731295,GSM731296,GSM731297	root_explants_incubated_on_callus_inducing_medium_24_h / root_explants_incubated_on_callus_inducing_medium_0_h	Callus induction	incubated_on_callus_inducing_medium,_24_h / incubated_on_callus_inducing_medium,_0_h	Root segments seperated from 10-day-old seedlings	Treatment,
GSE10502_8	AT1G19850	3.0254972808316403	0.000563075862156512	GSM265471,GSM265472 / GSM265463,GSM265464	whole_roots_-Fe_48_hour / whole_roots_-Fe_3_hour	Fe deficiency 	Fe deficiency media	Seedling roots, 5 days after germination	Treatment,,,,
GSE29543_11	AT1G19850	2.98724690764922	4.70224546182155e-05	GSM731306,GSM731307,GSM731308 / GSM731295,GSM731296,GSM731297	root_explants_incubated_on_callus_inducing_medium_48_h / root_explants_incubated_on_callus_inducing_medium_0_h	Callus induction	incubated_on_callus_inducing_medium,_48_h / incubated_on_callus_inducing_medium,_0_h	Root segments seperated from 10-day-old seedlings	Treatment,
GSE10502_10	AT1G19850	2.86504990012462	0.00216832250095783	GSM265473,GSM265474 / GSM265463,GSM265464	whole_roots_-Fe_72_hour / whole_roots_-Fe_3_hour	Fe deficiency 	Fe deficiency media	Seedling roots, 5 days after germination	Treatment,,,,
GSE10502_13	AT1G19850	2.76104665142541	0.0014844593204720099	GSM265471,GSM265472 / GSM265465,GSM265466	whole_roots_-Fe_48_hour / whole_roots_-Fe_6_hour	Fe deficiency 	Fe deficiency media	Seedling roots, 5 days after germination	Treatment,,,,
GSE10502_14	AT1G19850	2.75311049712524	0.0045761295613224295	GSM265473,GSM265474 / GSM265465,GSM265466	whole_roots_-Fe_72_hour / whole_roots_-Fe_6_hour	Fe deficiency 	Fe deficiency media	Seedling roots, 5 days after germination	Treatment,,,,
GSE57487_2	AT1G19850	2.6249289080388	0.000606258801275397	GSM1383672 / GSM1383670	Root_col_with_Al / Root_col_without_Al	AlCl3 treatment	10_uM_AlCl3_treatment / no_treatment	6 day-old roots	Treatment,,,,,,,
GSE28800_2	AT1G19850	2.47105416926768	0.000402672495703666	GSM713258,GSM713259,GSM713260 / GSM713249,GSM713250,GSM713251	ABADFPM / control	DFPM+ABA treatment	DFPM_+_ABA_treatment / no_treatment	12 day-old seedlings	Treatment,,,
GSE57145_0	AT1G19850	2.41028931778771	4.59800981349413e-07	GSM1375960,GSM1375961,GSM1375962 / GSM1375957,GSM1375958,GSM1375959	8-DAC_chr11-1chr17-1 / Time-0_chr11-1chr17-1	Callus formation	leaf_explants_cultured_in_CIM_for_8_days / leaf_explants_cultured_in_CIM_for_0_day	Leaf explants	Treatment,,,
GSE17464_19	AT1G19850	2.3289925507813503	0.000337975262505317	GSM435766,GSM435767,GSM435768 / GSM435739,GSM435740,GSM435741	Laer_pretreat_with_GA+JA_Flg22_2h / Laer_pretreat_with_water_control	GA+JA treatment	GA_+100nM_Flg22_+_JA_2h / water	5 weeks old leaf discs on short day	Treatment,,,
GSE46958_0	AT1G19850	2.31312414144861	0.0023852010207354303	GSM1142031,GSM1142032,GSM1142033 / GSM1142028,GSM1142029,GSM1142030	root_Dosed_with_gold / root_no_gold	Gold treatment	0.125_mM_gold_for_24h / no_treatment	14 day-old roots	Treatment,,,
GSE28800_3	AT1G19850	2.2987264216437597	0.00027193185515617997	GSM713258,GSM713259,GSM713260 / GSM713252,GSM713253,GSM713254	ABADFPM / DFPM	ABA treatment	DFPM_+_ABA_treatment / DFPM_treatment	12 day-old seedlings	Treatment,,,
GSE8955_15	AT1G19850	2.2652917037692797	0.000730684189529652	GSM226899,GSM226900 / GSM226907,GSM226908	WT_Seedling_Dark / WT_Seedling_BL	Dark treatment	constant_dark / constant_blue-light	10 day-old seedlings	Treatment,,,,,
GSE25171_5	AT1G19850	2.22694325340473	0.00011825775682666	GSM618329,GSM618337,GSM618345 / GSM618325,GSM618333,GSM618341	6h_-Pi / 0h_-Pi	Pi deficiency	Pi_deficiency_for_6h / no_treatment	14 day-old roots	Treatment,,,
GSE21920_14	AT1G19850	2.14092329308522	1.1850981391584301e-07	GSM545381,GSM545382,GSM545383 / GSM545365,GSM545370,GSM545371	ulppto / ulp	Pathogen response	bacteria_pto_expressing_hopz1a_treatment_for_6h / no_treatment	Leaves	Treatment,,,
GSE17464_18	AT1G19850	2.124699075204	0.00784431731337123	GSM435763,GSM435764,GSM435765 / GSM435739,GSM435740,GSM435741	Laer_pretreat_with_GA+JA_Flg22_1h / Laer_pretreat_with_water_control	GA+JA treatment	GA_+100nM_Flg22_+_JA_1h / water	5 weeks old leaf discs on short day	Treatment,,,
GSE10502_16	AT1G19850	2.0776845669293897	0.008397675294628959	GSM265471,GSM265472 / GSM265467,GSM265468	whole_roots_-Fe_48_hour / whole_roots_-Fe_12_hour	Fe deficiency 	Fe deficiency media	Seedling roots, 5 days after germination	Treatment,,,,
GSE14502_4	AT1G19850	-2.19109694986812	0.00131905846157816	GSM362213,GSM362214 / GSM362211,GSM362212	root_hypoxia_pRPL11C / root_control_pRPL11C	Hypoxia stress	2h_hypoxia / no_treatment	7 day-old  seedling root tips	Treatment,,,,,
GSE19520_6	AT1G19850	-2.31498815087642	0.00346878602186759	GSM486892,GSM486893,GSM486894 / GSM486904,GSM486905,GSM486906	Col-0_-ABA_GC / Col-0_+ABA_GC	ABA treatment	EtOH_3h / 50uM_ABA_3h	Guard cells taken for mature leaves of five week-old plants	Treatment,,,
GSE67956_13	AT1G19850	-2.3682217471613	1.95943518334387e-09	GSM1659631,GSM1659632 / GSM1659643,GSM1659644	D3_wt / L3_wt	Dark treatment	prolonged_darkness_for_72h / short_day_for_72h	5 week-old  rosette leaves 	Treatment,,,,,
GSE18978_6	AT1G19850	-2.41622424962316	0.0005401802756517179	GSM469760,GSM469761,GSM469762 / GSM469763,GSM469764,GSM469765	Mitra_2_Col0-mock-24hpi / Mitra_2_Col0-PsmES4326-24hpi	Pathogen response	Pseudomonas_syringae_ES4326_streated_for_24h / mock_for_24h	4 week-old leaves	Treatment,,,
GSE33344_1	AT1G19850	-2.4534335246245	0.00124590078332151	GSM824802,GSM824803,GSM824804 / GSM824796,GSM824797,GSM824798	Condition:_-DEX_+CHX / Condition:_-DEX_-CHX	CHX treatment	cycloheximide_treatment / no_treatment	Root/protoplasts	Treatment,,,
GSE40076_0	AT1G19850	-2.5110466039942403	2.70941592286092e-05	GSM984734,GSM984735,GSM984736 / GSM984731,GSM984732,GSM984733	roots_of_bhlh100/101_100uM_Fe / roots_of_bhlh100/101_0uM_Fe	Fe treatment	100uM_Fe_treatment / without_Fe	10 day-old roots	Treatment,,,
GSE40076_1	AT1G19850	-2.80572708031136	5.66965766180666e-05	GSM984740,GSM984741,GSM984742 / GSM984737,GSM984738,GSM984739	roots_of_WT_100uM_Fe / roots_of_WT_0uM_Fe	Fe treatment	100uM_Fe_treatment / without_Fe	10 day-old roots	Treatment,,,
GSE14502_6	AT1G19850	-3.08419059166065	0.0098657756111216	GSM362186,GSM362187 / GSM362184,GSM362185	root_hypoxia_pSHR / root_control_pSHR	Hypoxia stress	2h_hypoxia / no_treatment	7 day-old  seedling root tips	Treatment,,,,,
GSE5749_1	AT1G19850	-3.22393700826427	0.0006540424785224719	GSM133983,GSM133984,GSM133985 / GSM133974,GSM133975,GSM133976,GSM133977	Birnbaum_1_StageIII / Birnbaum_1_StageI	Root development	No treatment	Roots from different stages	Treatment,,
GSE17500_6	AT1G19850	-3.27374689722647	0.00505749065060831	GSM436326,GSM436328 / GSM436329,GSM436330,GSM436331	miR_0h / miR_PSTDC3000_24h	PstDc3000 inoculation	PstDc3000_inoculated_for_24h / no_treatment	5 week-old leaves	Treatment,,,,
GSE5749_0	AT1G19850	-3.77821990684896	7.75821767885527e-05	GSM133978,GSM133979,GSM133980,GSM133981 / GSM133974,GSM133975,GSM133976,GSM133977	Birnbaum_1_StageII / Birnbaum_1_StageI	Root development	No treatment	Roots from different stages	Treatment,
GSE13927_0	AT1G19850	-3.83235744549649	1.0390360746111999e-05	GSM350799,GSM350800,GSM350801,GSM350802 / GSM350803,GSM350804,GSM350805,GSM350806	Reference_35dpi / C58_35dpi	C58 inoculation	no_treatment / inoculated_with_C58_for_35days	Wounded inflorescence stalk	Treatment,
GSE10497_3	AT1G19850	-3.9902843130830403	0.00245815969180501	GSM265424,GSM265425 / GSM265432,GSM265433	root_longitudinal_zone_4_standard_conditions / root_longitudinal_zone_4_-Fe_conditions	Fe deficiency 	standard_media / Fe_deficiency	Seedling roots, 5 days after germination	Treatment,,,,
GSE41432_5	AT1G19850	2.2042864598372205	0.00319842974118811	GSM1017159,GSM1017165 / GSM1017158,GSM1017164	NMD_UPF1UPF3 / NMD_UPF3	upf1	No treatment	11 day-old seedlings	Mutation_or_Overexpression,,,,,
GSE32216_0	AT1G19850	2.11360449294778	0.0209160642555264	GSM798297,GSM798298 / GSM798295,GSM798296	skip_rep1 / WT_rep1	skip	No treatment	7 day-old seedling	Mutation_or_Overexpression,,,,,
GSE57145_3	AT1G19850	2.07986556672095	0.000382163855472561	GSM1375957,GSM1375958,GSM1375959 / GSM1375951,GSM1375952,GSM1375953	Time-0_chr11-1chr17-1 / Time-0_Col-0	chr11,chr17	Leaf explants cultured in CIM for 0 day	Leaf explants	Mutation_or_Overexpression,,
GSE12691_3	AT1G19850	1.8768597105714597	0.0018399950370910397	GSM318624,GSM318625 / GSM318626,GSM318627	Apex_octa_18DAS / Apex_BLS_TCP4_14DAS	TCPs	Under short day	Vegetative apices	Mutation_or_Overexpression,,,,,
GSE17464_29	AT1G19850	1.75356724173832	0.0030761458974937197	GSM435709,GSM435710,GSM435711 / GSM435673,GSM435674,GSM435675	gai_Control / Laer_Control	Laer,gai	no treatment	5 weeks old plants on short day 	Mutation_or_Overexpression,,
GSE67322_1	AT1G19850	1.7429712234783101	0.022964500921012997	GSM1644825 / GSM1644823,GSM1891779	tfl2_2 / Col	tfl2	No treatment	2 week old seedlings without roots	Mutation_or_Overexpression,,,,,,
GSE20256_0	AT1G19850	1.71545637758367	0.009002416944809959	GSM507497,GSM507501 / GSM507494,GSM507498	clf/swn / Col	clf,swn	No treatment	10 or 12 day-old whole plants	Mutation_or_Overexpression,,,,
GSE77966_0	AT1G19850	1.7136916106538	0.00012205368189428501	GSM2062707,GSM2062708 / GSM2062709	mthfd1-1 / WT	mthfd1	No treatment	Rosette leaves of 3 weeks after germination	Mutation_or_Overexpression,,,,,,
GSE13783_4	AT1G19850	1.7066180960331698	0.0017447138651515	GSM346838,GSM346839,GSM346840 / GSM346832,GSM346833,GSM346834	IAA7mII_over-expressor_IAA_treated / empty_vector_IAA_treated	IAA7mII	5mM IAA treated	GFP positive protoplasts	Mutation_or_Overexpression,,,
GSE41432_2	AT1G19850	1.68863790463299	0.0149522315548559	GSM1017159,GSM1017165 / GSM1017156,GSM1017162	NMD_UPF1UPF3 / NMD_WT	utf1,utf3	No treatment	11 day-old seedlings	Mutation_or_Overexpression,,,,
GSE75933_10	AT1G19850	1.65363721056731	0.0346225905751523	GSM1970388 / GSM1970385	aba2-1_stress_release / WT_stress_release	aba2	Drought stress release	7 day-old seedlings	Mutation_or_Overexpression,,,,,,,
GSE26848_0	AT1G19850	1.63348096742521	6.23745133271999e-05	GSM660716,GSM660717,GSM660718 / GSM660707,GSM660708,GSM660709	brm-1 / wt	brm	No treatment	18 day-old shoots	Mutation_or_Overexpression,,,
GSE31593_1	AT1G19850	1.54758476827459	0.00644542985640214	GSM784913,GSM784914,GSM784915 / GSM784907,GSM784908,GSM784909	genotype:_Triple_mutant_grf1/grf2/grf3 / genotype:_thaliana_ecotypes_Col-0	grf1,grf2,grf3	No treatment	2 week-old roots	Mutation_or_Overexpression,
GSE30492_4	AT1G19850	1.5298828785387502	0.00010413513331823001	GSM756400,GSM756401,GSM756408,GSM756409 / GSM756402,GSM756403,GSM756410,GSM756411	seu-3 / seu-3_ant-1	ant	No treatment	Floral stage 8-10 hand dissected carpels	Mutation_or_Overexpression,
GSE46661_0	AT1G19850	1.4642495581478199	0.008859696175798829	GSM1133640,GSM1133641 / GSM1133642,GSM1133643	OV122_18_line / WT_Col-0	bHLH122	No treatment	2 week-old shoots	Mutation_or_Overexpression,,,,,
GSE55222_0	AT1G19850	1.4349510542756	0.0035954135948839	GSM1331733,GSM1331734,GSM1331735 / GSM1331730,GSM1331731,GSM1331732	apl / WT	apl	No treatment	Protoplasted root tissues	Mutation_or_Overexpression,,,
GSE30492_3	AT1G19850	1.4170341024903201	0.000181831588288529	GSM756398,GSM756399,GSM756406,GSM756407 / GSM756402,GSM756403,GSM756410,GSM756411	ant-1 / seu-3_ant-1	seu	No treatment	Floral stage 8-10 hand dissected carpels	Mutation_or_Overexpression,
GSE13783_6	AT1G19850	1.33547955728632	0.0061543589322755	GSM346835,GSM346836,GSM346837 / GSM346829,GSM346830,GSM346831	IAA7mII_over-expressor_mock_treated / empty_vector_mock_treated	IAA7mII	mock treated	GFP positive protoplasts	Mutation_or_Overexpression,,,
GSE18624_2	AT1G19850	1.3334437561987098	5.65740022217959e-05	GSM462890,GSM462891,GSM462892,GSM462893 / GSM462884,GSM462885	arp6-10_12_C / Col-0_12_C	arp6	At 12C	8 day-old whole seedlings	Mutation_or_Overexpression,,,
GSE20586_3	AT1G19850	1.3053392745958898	0.00196005120078313	GSM517082,GSM517083,GSM517084 / GSM517076,GSM517077,GSM517078	VND6_12h / wt_12h	VND6	Cultured cells were treated with 2 uM estrogen for 12h	Culture cells	Mutation_or_Overexpression,,,
GSE75933_11	AT1G19850	1.28816768898669	0.04579092690836	GSM1970391 / GSM1970385	p5cs1_stress_release / WT_stress_release	p5cs1	Drought stress release	7 day-old seedlings	Mutation_or_Overexpression,,,,,,,
GSE32193_2	AT1G19850	1.2221655681188701	9.923010077397209e-05	GSM797728,GSM797729,GSM797730 / GSM797725,GSM797726,GSM797727	arf6_arf8_stage_13 / Wild_type_stage_13	arf6,arf8	no treatment	flower stage 13 flowers	Mutation_or_Overexpression,,
GSE14091_2	AT1G19850	1.21156635333081	0.0018838247092143898	GSM353591,GSM353592,GSM353593 / GSM353584,GSM353586,GSM353585	3_weeks_old_transgenic_plants_(inducible_overexpression_ANAC092) / 3_weeks_old_transgenic_plants_(empty_vector;_inducible_system)	ANAC092	5h estradiole treated 	3 week-old plants	Mutation_or_Overexpression,,,
GSE36360_1	AT1G19850	-1.19384341554196	0.00271039821370008	GSM889582,GSM889583,GSM889584 / GSM889573,GSM889574,GSM889575	PRR5-VP_ZT18 / Wild_ZT18	PRR5	18 hr after light on	18 day-old whole plants	Mutation_or_Overexpression,,,
GSE5632_11	AT1G19850	-1.21264310122849	5.9088799653532106e-05	GSM131630,GSM131631,GSM131632 / GSM131615,GSM131616,GSM131617	ATGE_58_ag-12_flower_stage_12_equivalent_continuous_light_soil / ATGE_53_clv3-7_flower_stage_12_equivalent_continuous_light_soil	clv3,ag	Under continous light	Flowers from different developmental stages	Mutation_or_Overexpression,,
GSE6151_5	AT1G19850	-1.2402989843291399	0.00313934682119514	GSM142644,GSM142645,GSM142646 / GSM142650,GSM142651,GSM142652	MC002_dubos-abi1_hypocotyl / MC002_ATH-dubos-hypocotyl(col-0)	abi1	No treatment	Hypocotyl	Mutation_or_Overexpression,,,
GSE51626_3	AT1G19850	-1.24752056797376	0.00066403709645181	GSM1249679,GSM1249680 / GSM1249675,GSM1249676	npr1-1_water / Col-0_water	npr1	water treatment	2 weeks old seedlings	Mutation_or_Overexpression,,,,,
GSE72461_9	AT1G19850	-1.24792751344359	0.023647715455615004	GSM1862910 / GSM1862905	jaz5/10_6h / Col-0_6h	jaz5,10	Pst DC3000 infection for 6h	4.5 weeks old leaves	Mutation_or_Overexpression,,,,,,
GSE22983_1	AT1G19850	-1.32091268750036	0.000848018045472436	GSM567324,GSM567325,GSM567326 / GSM567318,GSM567319,GSM567320	etiolated_cop1BBX22-GFPox / etiolated_Col-0	cop1BBX22	Under dark	4 day-old etiolated seedlings	Mutation_or_Overexpression,,,
GSE52966_3	AT1G19850	-1.3984516727258403	2.5586561672920396e-45	GSM1279544,GSM1279545 / GSM1279542,GSM1279543	bri1-116;bzr1-1D_untreated / bri1-116_untreated	bzr1-1D	no treatment	7 day-old primary roots	Mutation_or_Overexpression,,,,,
GSE8955_2	AT1G19850	-1.4117920848132899	0.00214680188406417	GSM226905,GSM226906 / GSM226899,GSM226900	atmyc2_cop1-6_Seedling_Dark / WT_Seedling_Dark	myc2,cop1	Constant dark	10 day-old seedlings	Mutation_or_Overexpression,,,,
GSE57145_2	AT1G19850	-1.4317321038888002	7.35610751455979e-05	GSM1375960,GSM1375961,GSM1375962 / GSM1375954,GSM1375955,GSM1375956	8-DAC_chr11-1chr17-1 / 8-DAC_Col-0	chr11,chr17	Leaf explants cultured in CIM for 8 days	Leaf explants	Mutation_or_Overexpression,,
GSE80567_2	AT1G19850	-1.4331179539041998	1.00317324358364e-09	GSM2131022,GSM2131023 / GSM2131020,GSM2131021	AT3G45810_DTAF1_500nM_Dex_10d_long_day / GFP_500nM_Dex_10d_long_day	AT5G50360	Under long day 	10 day-old seedlings	Mutation_or_Overexpression,,,,,
GSE31593_2	AT1G19850	-1.4465636079784399	0.00121033253981059	GSM784919,GSM784920,GSM784921 / GSM784910,GSM784911,GSM784912	genotype:_P35S:rGRF3_overexpression / genotype:_thaliana_ecotypes_WS	rGRF3 	No treatment	2 week-old roots	Mutation_or_Overexpression,,,
GSE8279_1	AT1G19850	-1.5171258341348601	0.000888436024479128	GSM205364,GSM205426 / GSM205432,GSM205435	met1-3_leaf_second-selfed_generation / Col_leaf_wildtype	met1	Under short-day conditions	Leaf tissue 	Mutation_or_Overexpression,,,,,
GSE5632_23	AT1G19850	-1.5311579778984	1.16355504688066e-05	GSM131630,GSM131631,GSM131632 / GSM131618,GSM131619,GSM131620	ATGE_58_ag-12_flower_stage_12_equivalent_continuous_light_soil / ATGE_54_lfy-12_flower_stage_12_equivalent_continuous_light_soil	lfy,ag	Under continous light	Flowers from different developmental stages	Mutation_or_Overexpression,,
GSE6169_3	AT1G19850	-1.5611256517852	0.00111898511511653	GSM142778,GSM142772 / GSM142776,GSM142780	gun-mutant-far-red_precondition / wild_type-far-red_precondition	gun1,gun5	Pre-conditioned under far-red light	Young seedlings in entirety with cotyledons, hypocotyl and primary roots - (no emerged true leaves)	Mutation_or_Overexpression,,,
GSE16765_5	AT1G19850	-1.68359182011054	0.00626257715553591	GSM420242,GSM420243 / GSM420238,GSM420239	Col(gl)_leaf_100mM_NaCl / Col_leaf_100mM_NaCl	gl	100mM NaCl for 6d	Leaves from 20 days after sowing	Mutation_or_Overexpression,,,,,
GSE5632_38	AT1G19850	-1.72095638636941	8.420931263486399e-06	GSM131630,GSM131631,GSM131632 / GSM131624,GSM131625,GSM131626	ATGE_58_ag-12_flower_stage_12_equivalent_continuous_light_soil / ATGE_56_ap2-6_flower_stage_12_equivalent_continuous_light_soil	ap2,ag	Under continous light	Flowers from different developmental stages	Mutation_or_Overexpression,,
GSE8279_0	AT1G19850	-1.72644492691551	0.007055217757948859	GSM205428,GSM205430 / GSM205432,GSM205435	met1-3_leaf_fourth-selfed_generation / Col_leaf_wildtype	met1	Under short-day conditions	Leaf tissue 	Mutation_or_Overexpression,,,,,
GSE22983_0	AT1G19850	-1.83100336497379	3.33114563505199e-05	GSM567321,GSM567322,GSM567323 / GSM567318,GSM567319,GSM567320	etiolated_cop1 / etiolated_Col-0	cop1	Under dark	4 day-old etiolated seedlings	Mutation_or_Overexpression,,,
GSE30492_2	AT1G19850	-1.8387115117110602	9.41723801494932e-05	GSM756402,GSM756403,GSM756410,GSM756411 / GSM756396,GSM756397,GSM756404,GSM756405	seu-3_ant-1 / Col-0	seu,ant	No treatment	Floral stage 8-10 hand dissected carpels	Mutation_or_Overexpression
GSE10248_0	AT1G19850	-1.83906000368847	0.0009194924008324519	GSM258792,GSM258793,GSM258794 / GSM258795,GSM258796,GSM258797	pvip1_pvip2_seedling / Col-0_seedling	pvip1,pvip2	No treatment	Seedling 10 days after germination	Mutation_or_Overexpression,,
GSE48915_2	AT1G19850	-1.8609191559679	0.000685709325894572	GSM1186760,GSM1186761 / GSM1186752,GSM1186753	vtc2_mature_somatic_embryo / wild_type_mature_somatic_embryo	vtc2	No treatment	Mature somatic embryo	Mutation_or_Overexpression,,,,,
GSE5632_32	AT1G19850	-1.9156713580466798	5.4826332004317796e-05	GSM131630,GSM131631,GSM131632 / GSM131621,GSM131622,GSM131623	ATGE_58_ag-12_flower_stage_12_equivalent_continuous_light_soil / ATGE_55_ap1-15_flower_stage_12_equivalent_continuous_light_soil	ap1,ag	Under continous light	Flowers from different developmental stages	Mutation_or_Overexpression,,
GSE6151_4	AT1G19850	-1.9202224652766398	0.000161927059692719	GSM142647,GSM142648,GSM142649 / GSM142650,GSM142651,GSM142652	MC002_dubos-aba1_hypocotyl / MC002_ATH-dubos-hypocotyl(col-0)	aba1	No treatment	Hypocotyl	Mutation_or_Overexpression,,,
GSE70584_0	AT1G19850	-2.1746983530191	4.77453591860004e-11	GSM1811239,GSM1811242,GSM1811244 / GSM1811230,GSM1811234,GSM1811237	myb_en / col_en	myb	6 days post exposure to light	Sorted endodermis	Mutation_or_Overexpression,,,
GSE8955_14	AT1G19850	-2.49585526839323	0.000965643392349142	GSM226921,GSM226922 / GSM226919,GSM226920	atmyc2_cop1-6_Seedling_BL+ABA / cop1-6_Seedling_BL+ABA	myc2	Constant blue-light	10 day-old seedlings	Mutation_or_Overexpression,,,,,
GSE13881_1	AT1G19850	-3.0451181279656203	0.000587301757525842	GSM349685,GSM349686 / GSM349683,GSM349684	mp_IAA / GR-bdl_IAA	mp,GR-bdl	50mM IAA treatment	9 day-old  seedlings	Mutation_or_Overexpression,,,,
GSE24887_0	AT1G19850	-3.4622741524393303	0.000921051004165785	GSM612046,GSM612047,GSM612048 / GSM612043,GSM612044,GSM612045	dcl1-15_torpedo_stage_embryos / wild-type_torpedo_stage_embryos	dcl1	No treatment	Torpedo stage embryo	Mutation_or_Overexpression,,,
GSE39268_13	AT1G19850	1.03418104131739	0.005525829628745729	GSM959151,GSM959152,GSM959153 / GSM959160,GSM959161,GSM959162	Tsu_-Fe_48h_Shoots / Kas_-Fe_48h_Shoots	Kas,Tsu	Without Fe for 48h	26 day-old shoots	Ecotype_or_Cultivar,,
GSE51578_3	AT1G19850	-1.30196735315647	0.0443508912255945	GSM1248700 / GSM1248697	C24xCol_ZT6 / Col_ZT6	Col,C24xCol	ZT6_midday	3 week-old rosette leaves	Ecotype_or_Cultivar,,,,,,
